6201501;Desenvolvimento de programas de computador sob encomenda
6202300;Desenvolvimento e licenciamento de programas de computador customizáveis
6204000;Consultoria em tecnologia da informação
4711302;Comércio varejista de mercadorias em geral com predominância de produtos alimentícios
4751201;Comércio varejista especializado de equipamentos e suprimentos de informática
5611201;Restaurantes e similares
6920601;Atividades de contabilidade
7020400;Atividades de consultoria em gestão empresarial
8630503;Atividade médica ambulatorial restrita a consultas
4120400;Construção de edifícios
